"","bag.size","oob.accuracy","cv.accuracy"
"1",25,0.83125,0.819
"2",50,0.8425,0.82175
"3",200,0.8425,0.82675
"4",400,0.8425,0.82775
"5",800,0.84125,0.8285
